horizon_normalized_resource_occupation_mean,resource_occupation_mean,horizon_normalized_resource_occupation_median,resource_occupation_median,resource_fairness_gini,weighted_resource_fairness,weighted_resource_fairness_status,weighted_fairness_resource_count,strategy,seed
0.0006873595587507,0.0006873595587507,4.7434729811778995e-06,4.7434729811778995e-06,0.8611305710507932,0.0008107587897785,computed,149,Kunkler-Rinderle-Ma,1
0.0004469312279333,0.0004469312279333,1.6127808136004856e-06,1.6127808136004856e-06,0.9041269871297288,0.0006390494535327,computed,149,Kunkler-Rinderle-Ma,2
0.0004625320470202,0.0004625320470202,2.1405722525804497e-06,2.1405722525804497e-06,0.9202396234238898,0.0005780477758755,computed,149,Kunkler-Rinderle-Ma,3
0.0006739952669911,0.0006739952669911,2.7544420252732237e-05,2.7544420252732237e-05,0.8413980866819051,0.0006381869919271,computed,149,Kunkler-Rinderle-Ma,4
0.0004549100091707,0.0004549100091707,3.510170006071645e-06,3.510170006071645e-06,0.903801740828826,0.0006366622580567,computed,149,Kunkler-Rinderle-Ma,5
