horizon_normalized_resource_occupation_mean,resource_occupation_mean,horizon_normalized_resource_occupation_median,resource_occupation_median,resource_fairness_gini,weighted_resource_fairness,weighted_resource_fairness_status,weighted_fairness_resource_count,strategy,seed
0.0679105189393939,0.0679105189393939,0.06140851010101,0.06140851010101,0.3709387925447275,0.0875999698486955,computed,91,RoundRobin,1
0.0965212936026936,0.0965212936026936,0.0985106313131313,0.0985106313131313,0.3503504076325274,0.1096876045251536,computed,91,RoundRobin,2
0.0742324316498316,0.0742324316498316,0.0680097727272727,0.0680097727272727,0.3720390746590676,0.0970258049437752,computed,91,RoundRobin,3
0.0679105189393939,0.0679105189393939,0.062626452020202,0.062626452020202,0.3435931207920641,0.1010691568051213,computed,91,ShortestQueue,1
0.0903137553661616,0.0903137553661616,0.0817858585858585,0.0817858585858585,0.3821412238714227,0.1284191390796032,computed,91,ShortestQueue,2
0.0742928872053872,0.0742928872053872,0.0705514646464646,0.0705514646464646,0.3806668689025994,0.1051687434750988,computed,91,ShortestQueue,3
0.1549534942279942,0.1549534942279942,0.1589938888888889,0.1589938888888889,0.3470014352215843,0.2825506008988508,computed,91,ParkSong-Composite,1
0.1640897492365516,0.1640897492365516,0.1497876262626262,0.1497876262626262,0.3475759978309767,0.3094456818277766,computed,91,ParkSong-Composite,2
0.1484212633087633,0.1484212633087633,0.1338371717171717,0.1338371717171717,0.3383067732753054,0.2629592861054077,computed,91,ParkSong-Composite,3
0.1690371054292929,0.1690371054292929,0.1548501388888889,0.1548501388888889,0.3594886405970725,0.2909080609625926,computed,91,Kunkler-Rinderle-Ma,1
0.1618445893458393,0.1618445893458393,0.1302863636363636,0.1302863636363636,0.3908354372354823,0.3058743434941214,computed,91,Kunkler-Rinderle-Ma,2
0.1630415959595959,0.1630415959595959,0.1506373232323232,0.1506373232323232,0.3298735375007823,0.268550269826094,computed,91,Kunkler-Rinderle-Ma,3
0.1719302312184343,0.1719302312184343,0.1525285227272727,0.1525285227272727,0.3594604313251698,0.2899318256663921,computed,91,Batch,1
0.1736633309283309,0.1736633309283309,0.1578732196969697,0.1578732196969697,0.3415944898029774,0.3147158376562765,computed,91,Batch,2
0.1676541475359657,0.1676541475359657,0.1583084848484848,0.1583084848484848,0.3039760690939903,0.2699152085767341,computed,91,Batch,3
